[
	{
		"ver":"v1.0.0.20150701_Beta5",
		"detail":[
			"支持加固静态库项目",
			"支持使用了objc反射功能的项目",
			"目录树根节点修改为root路径",
			"ARM混淆次数范围调整为1-3次",
			"一键加固的加密字符串默认勾选.m和.mm的文件"
		]
	},{
		"ver":"v1.0.0.20150619_Beta4",
		"detail":[
			"新增升级日志查看窗体",
			"新增Archive选项，如果需直接上线，可以勾选打包为AppStore格式"
		]
	},{
		"ver":"v1.0.0.20150616_Beta4",
		"detail":[
			"修复部分makefile项目，混淆ARM的资源树异常bug",
			"修复重新预编译项目后不刷新资源列表bug"
		]
	},
	{
		"ver":"v1.0.0.20150609_Beta3",
		"detail":[
			"修复clang字符长度溢出bug",
			"修复丢失历史项目信息bug",
			"如果一键加固失败，重试操作流程异常，会跳转到高级加固"
		]
	},
	{
		"ver":"v1.0.0.20150604_Beta3",
		"detail":[
			"公测初始版本，支持OBJC混淆、ARM混淆、字符串加密、资源校验、安全SDK"
		]
	}
]